en	de	es	class	group
number	Zahl	número	NOUN	number
digit	Ziffer	dígito	NOUN	number
integer	Ganzzahl	entero	NOUN	number
fraction	Bruch	fracción	NOUN	number
decimal	Dezimalzahl	decimal	NOUN	number
negative	negativ	negativo	ADJ	number
positive	positiv	positivo	ADJ	number
prime	Primzahl	primo	NOUN	number
even	gerade	par	ADJ	number
odd	ungerade	impar	ADJ	number
rational	rational	racional	ADJ	number
real	reell	real	ADJ	number
infinity	Unendlichkeit	infinito	NOUN	number
infinite	unendlich	infinito	ADJ	number
finite	endlich	finito	ADJ	number
minus	minus	menos	ADP	operation
times	mal	por	ADP	operation
divided	geteilt	dividido	ADP	operation
power	Potenz	potencia	NOUN	operation
root	Wurzel	raíz	NOUN	operation
sum	Summe	suma	NOUN	operation
difference	Differenz	diferencia	NOUN	operation
product	Produkt	producto	NOUN	operation
quotient	Quotient	cociente	NOUN	operation
remainder	Rest	resto	NOUN	operation
factor	Faktor	factor	NOUN	operation
multiple	Vielfaches	múltiplo	NOUN	operation
equal	gleich	igual	ADJ	operation
greater	größer	mayor	ADJ	operation
less	kleiner	menor	ADJ	operation
square	Quadrat	cuadrado	NOUN	operation
equation	Gleichung	ecuación	NOUN	algebra
formula	Formel	fórmula	NOUN	algebra
expression	Ausdruck	expresión	NOUN	algebra
variable	Variable	variable	NOUN	algebra
constant	Konstante	constante	NOUN	algebra
value	Wert	valor	NOUN	algebra
function	Funktion	función	NOUN	algebra
solve	lösen	resolver	VERB	algebra
solution	Lösung	solución	NOUN	algebra
unknown	Unbekannte	incógnita	NOUN	algebra
set	Menge	conjunto	NOUN	structure
element	Element	elemento	NOUN	structure
subset	Teilmenge	subconjunto	NOUN	structure
union	Vereinigung	unión	NOUN	structure
intersection	Schnittmenge	intersección	NOUN	structure
empty	leer	vacío	ADJ	structure
relation	Relation	relación	NOUN	structure
sequence	Folge	sucesión	NOUN	structure
series	Reihe	serie	NOUN	structure
matrix	Matrix	matriz	NOUN	structure
vector	Vektor	vector	NOUN	structure
graph	Graph	grafo	NOUN	structure
edge	Kante	arista	NOUN	structure
geometry	Geometrie	geometría	NOUN	geometry
point	Punkt	punto	NOUN	geometry
line	Linie	línea	NOUN	geometry
plane	Ebene	plano	NOUN	geometry
angle	Winkel	ángulo	NOUN	geometry
circle	Kreis	círculo	NOUN	geometry
triangle	Dreieck	triángulo	NOUN	geometry
radius	Radius	radio	NOUN	geometry
area	Fläche	área	NOUN	geometry
volume	Volumen	volumen	NOUN	geometry
length	Länge	longitud	NOUN	geometry
distance	Abstand	distancia	NOUN	geometry
symmetry	Symmetrie	simetría	NOUN	geometry
parallel	parallel	paralelo	ADJ	geometry
axiom	Axiom	axioma	NOUN	proof
definition	Definition	definición	NOUN	proof
theorem	Satz	teorema	NOUN	proof
lemma	Lemma	lema	NOUN	proof
proof	Beweis	demostración	NOUN	proof
conjecture	Vermutung	conjetura	NOUN	proof
assume	annehmen	suponer	VERB	proof
contradiction	Widerspruch	contradicción	NOUN	proof
induction	Induktion	inducción	NOUN	proof
counterexample	Gegenbeispiel	contraejemplo	NOUN	proof
exist	existieren	existir	VERB	proof
calculus	Analysis	cálculo	NOUN	calculus
derivative	Ableitung	derivada	NOUN	calculus
integral	Integral	integral	NOUN	calculus
rate	Rate	tasa	NOUN	calculus
continuous	stetig	continuo	ADJ	calculus
approach	annähern	aproximar	VERB	calculus
probability	Wahrscheinlichkeit	probabilidad	NOUN	chance
chance	Zufall	azar	NOUN	chance
random	zufällig	aleatorio	ADJ	chance
average	Durchschnitt	promedio	NOUN	chance
median	Median	mediana	NOUN	chance
variance	Varianz	varianza	NOUN	chance
estimate	Schätzung	estimación	NOUN	chance
coin	Münze	moneda	NOUN	chance
multiply	multiplizieren	multiplicar	VERB	operation
