key	root	class	en_extra	de	es	note
talem	talem	NOUN		Talema	Talema	the name of this language, from its three rules Type–Link–Merge
vowel	vokel	NOUN		Vokal	vocal	
consonant	sonat	NOUN		Konsonant	consonante	
knight	niter	NOUN		Ritter	caballero	
ending	dinal	NOUN		Endung	final	the vowels after a root, which count its dependents
token	token	NOUN		Token	token	
riddle	rasel	NOUN		Rätsel	acertijo	
dialect	dilek	NOUN		Dialekt	dialecto	
saying	sarin	NOUN		Spruch	refrán	
noun	nomun	NOUN		Nomen	sustantivo	word class, a label in the book of roots
verb	verab	NOUN		Verb	verbo	word class, a label in the book of roots
adjective	detiv	NOUN		Adjektiv	adjetivo	word class, a label in the book of roots
adverb	derob	NOUN		Adverb	adverbio	word class, a label in the book of roots
pronoun	ronon	NOUN		Pronomen	pronombre	word class, a label in the book of roots
preposition	pepos	NOUN		Präposition	preposición	word class, a label in the book of roots
conjunction	dunon	NOUN		Konjunktion	conjunción	word class, a label in the book of roots
numeral	numer	NOUN		Zahlwort	numeral	word class, a label in the book of roots
interjection	teron	NOUN		Interjektion	interjección	word class, a label in the book of roots
relator	lator	NOUN		Relator	relator	a word that links other words and stands before what it links (Link rule)
hyphen	ginon	NOUN		Bindestrich	guion	the small line between a literal and its ending (the worked coinage of chapter 6)
folder	foder	NOUN		Ordner	carpeta	field: digital (computing)
byte	bahit	NOUN		Byte	byte	field: digital (computing)
disk	disek	NOUN		Festplatte	disco	field: digital (computing)
queue	karol	NOUN		Warteschlange	cola	field: digital (computing)
cache	kulak	NOUN		Cache	caché	field: digital (computing)
log	regit	NOUN		Protokolldatei	registro	field: digital (computing)
compile	kopil	VERB		kompilieren	compilar	field: digital (computing)
debug	debug	VERB		debuggen	depurar	field: digital (computing)
restart	resag	VERB		neustarten	reiniciar	field: digital (computing)
query	kosul	NOUN		Abfrage	consulta	field: digital (computing)
schema	mesem	NOUN		Schema	esquema	field: digital (computing)
integer	neter	NOUN		Ganzzahl	entero	field: digital (computing)
repository	posor	NOUN		Repository	repositorio	field: digital (computing)
commit	kopit	NOUN		Commit	commit	field: digital (computing)
merge	merig	VERB		zusammenführen	fusionar	field: digital (computing)
diff	difer	NOUN		Diff	diferencia	field: digital (computing)
daemon	demol	NOUN		Daemon	demonio	field: digital (unix)
encrypt	verel	VERB		verschlüsseln	cifrar	field: digital (security)
hash	hasiv	NOUN		Hash	hash	field: digital (security)
millisecond	misen	NOUN		Millisekunde	milisegundo	field: digital (time)
epoch	kepol	NOUN		Epoche	época	field: digital (time)
timestamp	marek	NOUN		Zeitstempel	marca de tiempo	field: digital (time)
timeout	timup	NOUN		Zeitüberschreitung	tiempo de espera	field: digital (time)
cluster	luser	NOUN		Cluster	clúster	field: digital (cloud)
latency	lates	NOUN		Latenz	latencia	field: digital (cloud)
bandwidth	banik	NOUN		Bandbreite	ancho de banda	field: digital (cloud)
uptime	dibid	NOUN		Betriebszeit	disponibilidad	field: digital (cloud)
scale	sokal	VERB		skalieren	escalar	field: digital (cloud)
replica	repik	NOUN		Replikat	réplica	field: digital (cloud)
endpoint	punet	NOUN		Endpunkt	punto final	field: digital (cloud)
neuron	nuron	NOUN		Neuron	neurona	field: digital (ai)
gradient	radet	NOUN		Gradient	gradiente	field: digital (ai)
inference	nerep	NOUN		Inferenz	inferencia	field: digital (ai)
dataset	kohut	NOUN		Datensatz	conjunto de datos	field: digital (ai)
embedding	bedun	NOUN		Einbettung	incrustación	field: digital (ai)
vector	vetor	NOUN		Vektor	vector	field: digital (ai)
transformer	rafor	NOUN		Transformer	transformador	field: digital (ai)
prompt	romot	NOUN		Prompt	instrucción	field: digital (ai)
hallucination	lunin	NOUN		Halluzination	alucinación	field: digital (ai)
alignment	litun	NOUN		Ausrichtung	alineación	field: digital (ai)
benchmark	reres	NOUN		Benchmark	referencia	field: digital (ai)
probe	porob	NOUN		Sonde	sonda	field: digital (ai)
logit	logit	NOUN		Logit	logit	field: digital (ai)
batch	batek	NOUN		Stapel	lote	field: digital (ai)
checkpoint	ponit	NOUN		Checkpoint	punto de control	field: digital (ai)
optimizer	timir	NOUN		Optimierer	optimizador	field: digital (ai)
compute	koput	NOUN		Rechenleistung	cómputo	field: digital (ai)
retrieval	reran	NOUN		Abruf	recuperación	field: digital (ai)
reasoning	sonin	NOUN		Schlussfolgern	razonamiento	field: digital (ai)
interpretability	nereb	NOUN		Interpretierbarkeit	interpretabilidad	field: digital (ai)
latent	latet	ADJ		latent	latente	field: digital (ai)
digit	digit	NOUN		Ziffer	dígito	field: mathematics (number)
fraction	beruk	NOUN		Bruch	fracción	field: mathematics (number)
decimal	desil	NOUN		Dezimalzahl	decimal	field: mathematics (number)
prime	pirim	NOUN		Primzahl	primo	field: mathematics (number)
even	veven	ADJ		gerade	par	field: mathematics (number)
infinity	nitit	NOUN		Unendlichkeit	infinito	field: mathematics (number)
finite	nilik	ADJ		endlich	finito	field: mathematics (number)
minus	menos	ADP		minus	menos	field: mathematics (operation)
times	mapor	ADP		mal	por	field: mathematics (operation)
divided	dided	ADP		geteilt	dividido	field: mathematics (operation)
quotient	kosit	NOUN		Quotient	cociente	field: mathematics (operation)
remainder	redet	NOUN		Rest	resto	field: mathematics (operation)
multiple	mulip	NOUN		Vielfaches	múltiplo	field: mathematics (operation)
greater	maror	ADJ		größer	mayor	field: mathematics (operation)
constant	kotat	NOUN		Konstante	constante	field: mathematics (algebra)
unknown	nonon	NOUN		Unbekannte	incógnita	field: mathematics (algebra)
subset	suset	NOUN		Teilmenge	subconjunto	field: mathematics (structure)
intersection	nerek	NOUN		Schnittmenge	intersección	field: mathematics (structure)
matrix	matis	NOUN		Matrix	matriz	field: mathematics (structure)
graph	giraf	NOUN		Graph	grafo	field: mathematics (structure)
geometry	gemet	NOUN		Geometrie	geometría	field: mathematics (geometry)
triangle	rinul	NOUN		Dreieck	triángulo	field: mathematics (geometry)
radius	radis	NOUN		Radius	radio	field: mathematics (geometry)
symmetry	simet	NOUN		Symmetrie	simetría	field: mathematics (geometry)
axiom	kasom	NOUN		Axiom	axioma	field: mathematics (proof)
theorem	sates	NOUN		Satz	teorema	field: mathematics (proof)
lemma	lanem	NOUN		Lemma	lema	field: mathematics (proof)
conjecture	vetun	NOUN		Vermutung	conjetura	field: mathematics (proof)
contradiction	viruk	NOUN		Widerspruch	contradicción	field: mathematics (proof)
induction	dukon	NOUN		Induktion	inducción	field: mathematics (proof)
counterexample	nepel	NOUN		Gegenbeispiel	contraejemplo	field: mathematics (proof)
calculus	kalul	NOUN		Analysis	cálculo	field: mathematics (calculus)
derivative	derit	NOUN		Ableitung	derivada	field: mathematics (calculus)
integral	tegal	NOUN		Integral	integral	field: mathematics (calculus)
median	medan	NOUN		Median	mediana	field: mathematics (chance)
variance	varas	NOUN		Varianz	varianza	field: mathematics (chance)
multiply	mutip	VERB		multiplizieren	multiplicar	field: mathematics (operation)
syllable	silab	NOUN		Silbe	sílaba	
proposition	sitis	NOUN		Satz	proposición	field: logic (truth)
connective	netiv	NOUN		Junktor	conectiva	field: logic (connective)
negation	negin	NOUN		Negation	negación	field: logic (connective)
disjunction	dunin	NOUN		Disjunktion	disyunción	field: logic (connective)
implication	likon	NOUN		Implikation	implicación	field: logic (connective)
equivalence	kival	NOUN		Äquivalenz	equivalencia	field: logic (connective)
sound	sohid	ADJ		stichhaltig	sólido	field: logic (argument)
syllogism	sigim	NOUN		Syllogismus	silogismo	field: logic (argument)
deduction	dedon	NOUN		Deduktion	deducción	field: logic (argument)
abduction	dukin	NOUN		Abduktion	abducción	field: logic (argument)
infer	finer	VERB		folgern	inferir	field: logic (argument)
quantifier	katir	NOUN		Quantor	cuantificador	field: logic (quantifier)
predicate	radik	NOUN		Prädikat	predicado	field: logic (quantifier)
mortal	morol	ADJ		sterblich	mortal	field: logic (quantifier)
liar	linar	NOUN		Lügner	mentiroso	field: logic (limit)
decidable	sidab	ADJ		entscheidbar	decidible	field: logic (limit)
fallacy	falus	NOUN		Fehlschluss	falacia	field: logic (fallacy)
circular	sirur	ADJ		zirkulär	circular	field: logic (fallacy)
bias	bisas	NOUN		Voreingenommenheit	sesgo	field: logic (fallacy)
swan	sivan	NOUN		Schwan	cisne	
